{
  "Underweight": {
    "bmiCategory": "Underweight",
    "header": "Diet Plan for Underweight Individuals",
    "diet": [
      {
        "header": "BREAKFAST",
        "content": "<ul><li>1/2 to 1 cup rolled oats porridge with full-cream milk, sugar or honey, and 1 tablespoon of wheat germ.</li><li>One egg (boiled, scrambled, or poached) or 1/2 to 1 cup baked beans or 1 slice cheese and tomato on 1 to 2 slices wholemeal or white bread with butter.</li><li>One small glass of fresh fruit juice.</li></ul><p><i>Breakfast is a crucial meal as it kickstarts your metabolism for the day. Oats provide complex carbohydrates and fiber for sustained energy, while the inclusion of protein from eggs or beans ensures a well-rounded start.</i></p>"
      },
      {
        "header": "MORNING TEA",
        "content": "<ul><li>One piece of fruit cake or a small tub of fruit yogurt.</li><li>or One handful of unsalted mixed nuts or sunflower/pumpkin seeds.</li></ul><p><i>Morning tea is a great opportunity for a healthy snack. Fruit cake and yogurt offer sweetness and probiotics, while nuts or seeds provide essential fats and nutrients.</i></p>"
      },
      {
        "header": "LUNCH",
        "content": "<ul><li>2 slices wholemeal or white bread, bread roll, or 1/2 to 1 cup rice or noodles with a little butter.</li><li>1 to 2 slices lean cold meat, chicken, egg, or cheese.</li><li>Salad vegetables with olive oil dressing.</li><li>1/2 cup stewed fruit with custard or ice-cream.</li></ul><p><i>Lunch provides a mix of carbohydrates, proteins, and fats. Whole grains, lean protein, and colorful vegetables contribute to a well-balanced and satisfying meal.</i></p>"
      },
      {
        "header": "AFTERNOON TEA",
        "content": "<ul><li>2-3 crumpets with jam or honey.</li><li>or One high-energy egg flip milkshake.</li></ul><p><i>Afternoon tea helps maintain energy levels. Crumpets with jam or honey offer a delightful treat, and an egg flip milkshake adds a protein boost.</i></p>"
      },
      {
        "header": "DINNER",
        "content": "<ul><li>90-120g lean red meat, mince, chicken, or 180-240g fish, or 2-3 egg omelet.</li><li>1 to 2 medium potatoes mashed with a little butter and milk or 1/2 to 1 cup rice or pasta.</li><li>Green and yellow vegetables.</li><li>1/2 to 1 cup custard, rice pudding with stewed, or fresh fruit.</li></ul><p><i>Dinner is a substantial meal containing lean protein, complex carbohydrates, and a variety of vegetables. The inclusion of custard or rice pudding provides a sweet ending.</i></p>"
      },
      {
        "header": "SUPPER",
        "content": "<ul><li>1 to 2 crumpets or slices of raisin toast with butter and jam or a small slice of cake.</li><li>A glass of warm milk.</li></ul><p><i>Supper is a light, comforting end to the day. The warm milk aids in relaxation, and the choice of crumpets or raisin toast adds a touch of sweetness.</i></p>"
      }
    ],
    "workout": [
      {
        "header": "Tailored Workout Plan for Underweight Individuals",
        "content": "<ol><li><strong>Strength Training Focus:</strong><ul><li>Key Exercises:<ul><li>Squats</li><li>Deadlifts</li><li>Bench Press</li><li>Overhead Press</li><li>Bent Over Rows</li></ul></li><li>Sets and Repetitions:<ul><li>Aim for 3-4 sets</li><li>Complete 6-10 repetitions per set</li></ul></li><li>Frequency: Incorporate these exercises into your routine 3-4 times per week.</li></ul></li></ol>"
      },
      {
        "header": "Compound Movements for Full-Body Engagement",
        "content": "<ol><li><strong>Include Exercises:</strong><ul><li>Pull-Ups</li><li>Dips</li><li>Lunges</li><li>Push-Ups</li></ul></li><li>Sets and Repetitions:<ul><li>Perform 3 sets</li><li>Aim for 8-12 repetitions per set</li></ul></li><li>Frequency: Integrate these compound movements into your regimen 2-3 times per week.</li></ul></li></ol>"
      },
      {
        "header": "Cardiovascular Exercise for Overall Fitness",
        "content": "<ol><li><strong>Recommended Cardio Activities:</strong><ul><li>Jogging or cycling at a moderate intensity</li></ul></li><li>Duration: Engage in 20-30 minutes of cardiovascular exercise 2-3 times per week.</li></ul></li></ol>"
      },
      {
        "header": "Calisthenics for Functional Strength",
        "content": "<ol><li><strong>Bodyweight Exercises:</strong><ul><li>Bodyweight Squats</li><li>Lunges</li><li>Push-Ups</li><li>Pull-Ups</li><li>Planks</li></ul></li><li>Sets and Repetitions:<ul><li>Complete 3 sets</li><li>Aim for 12-15 repetitions per set</li></ul></li><li>Frequency: Integrate calisthenics exercises into your routine 3-4 times per week.</li></ul></li></ol>"
      },
      {
        "header": "Flexibility Training for Well-Rounded Fitness",
        "content": "<ol><li><strong>Incorporate Stretching Exercises:</strong><ul><li>Focus on major muscle groups</li></ul></li><li>Duration: Dedicate 10-15 minutes post-workout to flexibility training.</li></ul></li></ol>"
      },
      {
        "header": "Rest and Recovery",
        "content": "<ol><li><strong>Strategic Rest Days:</strong><ul><li>Allow 1-2 days of rest per week to facilitate optimal muscle recovery.</li></ul></li></ol>"
      },
      {
        "header": "Additional Tips for Success",
        "content": "<ol><li><strong>Nutrient-Dense Diet:</strong><ul><li>Combine your workout plan with a balanced, calorie-rich diet to support muscle growth.</li></ul></li></ol><ol><li><strong>Consistency is Key:</strong><ul><li>Adhere to the workout routine consistently for sustainable results.</li></ul></li></ol><p>Remember, it's essential to consult with a fitness professional or healthcare provider before embarking on a new workout routine, particularly if you have any pre-existing health conditions. This personalized approach to fitness aims not only to increase weight but to promote overall well-being and functional strength.</p>"
      }
    ]
  },
  "Normal weight": {
    "bmiCategory": "Normal weight",
    "header": "Diet Plan for Normal Weight Individuals",
    "diet": [
      {
        "header": "<h2>Guidelines for Maintaining Weight in a Normal Weight Range</h2>",
        "content": "<p>For individuals within a normal weight range, maintaining a healthy and balanced diet is essential for overall well-being. Here are guidelines to help sustain a normal weight:</p><ol><li><strong>Balanced Macronutrients:</strong><ul><li>Include a variety of whole grains, fruits, vegetables, lean meats, poultry, fish, eggs, dairy, legumes, and healthy fats in your diet.</li></ul></li><li><strong>Diverse Food Choices:</strong><ul><li>Opt for a diverse selection of fruits, vegetables, and whole grains to ensure a broad spectrum of nutrients, vitamins, minerals, and antioxidants.</li></ul></li><li><strong>Moderation:</strong><ul><li>Practice portion control to prevent overeating, and limit the intake of processed foods, added sugars, and high-fat items.</li></ul></li><li><strong>Hydration:</strong><ul><li>Stay well-hydrated by drinking an adequate amount of water throughout the day. Water is the best choice, but herbal teas and low-fat milk can also contribute.</li></ul></li><li><strong>Regular Meal Timing:</strong><ul><li>Eat regular, balanced meals and snacks to maintain steady energy levels. Consider a nutritious breakfast to kickstart your metabolism.</li></ul></li><li><strong>Minimize Processed Foods:</strong><ul><li>Limit the consumption of processed and ultra-processed foods, which often contain high levels of added sugars, salt, and unhealthy fats.</li></ul></li><li><strong>Adherence to Dietary Guidelines:</strong><ul><li>Follow national dietary guidelines or recommendations from health organizations to ensure a well-rounded and healthy eating plan.</li></ul></li><li><strong>Individualized Needs:</strong><ul><li>Recognize that dietary requirements may vary based on factors like age, gender, activity level, and personal health conditions. Consider consulting with a healthcare professional or a registered dietitian for personalized advice.</li></ul></li></ol><p>These guidelines are aimed at helping individuals in the normal weight range maintain their weight and support overall health. It's essential to adapt these recommendations based on individual preferences and specific nutritional needs.</p>"
      }
    ],
    "workout": [
      {
        "header": "Cardiovascular Focus",
        "content": "<p><strong>Duration:</strong> 30-45 minutes per session</p><ol><li><strong>Warm-Up (5 minutes):</strong><ul><li>Light jogging in place or brisk walking.</li></ul></li><li><strong>Cardiovascular Exercise (25-35 minutes):</strong><ul><li>Choose from activities like brisk walking, jogging, cycling, swimming, or dancing.</li><li>Aim for a moderate intensity that elevates your heart rate.</li></ul></li><li><strong>Strength Training (10-15 minutes):</strong><ul><li>Bodyweight exercises such as squats, lunges, push-ups, and planks.</li><li>Use light dumbbells or resistance bands for added resistance.</li></ul></li><li><strong>Cool Down (5 minutes):</strong><ul><li>Gentle stretching for major muscle groups.</li></ul></li></ol>"
      },
      {
        "header": "Interval Training",
        "content": "<p><strong>Duration:</strong> 30 minutes per session</p><ol><li><strong>Warm-Up (5 minutes):</strong><ul><li>Jumping jacks, high knees, or dynamic stretching.</li></ul></li><li><strong>Interval Cardio (20 minutes):</strong><ul><li>Alternate between periods of high-intensity exercise (e.g., sprinting, jumping) and low-intensity rest or active recovery (e.g., walking).</li></ul></li><li><strong>Strength Circuit (10 minutes):</strong><ul><li>Perform a circuit of bodyweight exercises with minimal rest between sets (e.g., squats, push-ups, lunges, planks).</li></ul></li><li><strong>Cool Down (5 minutes):</strong><ul><li>Stretching for flexibility and relaxation.</li></ul></li></ol>"
      },
      {
        "header": "Full-Body Workout",
        "content": "<p><strong>Duration:</strong> 45 minutes per session</p><ol><li><strong>Warm-Up (10 minutes):</strong><ul><li>Light cardio (e.g., jogging, jumping jacks) combined with dynamic stretching.</li></ul></li><li><strong>Full-Body Strength Training (30 minutes):</strong><ul><li>Include compound exercises such as deadlifts, bench press, overhead press, and rows.</li><li>Use a mix of free weights and machines.</li></ul></li><li><strong>Cardiovascular Exercise (10 minutes):</strong><ul><li>Choose a moderate-intensity cardio activity like cycling, elliptical, or rowing.</li></ul></li><li><strong>Cool Down (5 minutes):</strong><ul><li>Gentle stretching for each major muscle group.</li></ul></li></ol><p><strong>Additional Tips:</strong></p><ul><li>Aim for at least 150 minutes of moderate-intensity aerobic exercise or 75 minutes of vigorous-intensity aerobic exercise per week, along with muscle-strengthening activities on two or more days a week.</li><li>Include activities you enjoy to make the routine more sustainable.</li><li>Listen to your body and adjust intensity or duration as needed.</li><li>Stay consistent with your workout routine to see long-term benefits.</li></ul>"
      }
    ]
  },
  "Overweight": {
    "bmiCategory": "Overweight",
    "header": "Diet Plan for Overweight Individuals",
    "diet": [
      {
        "header": "Nutrient-Rich Foods for Managing Weight",
        "content": "<ol><li><strong>Include a Variety of Fruits:</strong><p>Fruits are a fantastic source of essential vitamins and dietary fiber, and studies have shown that incorporating more fruits into your diet is associated with maintaining a healthier weight. The fiber content promotes a sense of fullness, dispelling the misconception that the natural sugars in fruits contribute to weight gain.</p></li><li><strong>Embrace Green Vegetables:</strong><p>Research suggests that including leafy greens like spinach and broccoli in your diet can contribute to weight management due to their calcium and fiber content, supporting the process of burning fat.</p></li><li><strong>Incorporate Legumes and Beans:</strong><p>Ideal for those following a vegan or plant-based diet, legumes and beans are not only protein-rich but also highly nutritious. Their protein and fiber content help regulate appetite, reducing overall food intake and facilitating sustainable weight loss. Examples include lentils, chickpeas, black beans, soybeans, kidney beans, and peanuts.</p></li><li><strong>Choose Low-Fat Dairy:</strong><p>Moderate consumption of dairy products has been associated with lower belly fat and a reduced risk of conditions like type 2 diabetes. Selecting low-fat dairy options such as milk, cheese, eggs, and curd provides a rich source of protein and essential vitamins like calcium.</p></li><li><strong>Prioritize Lean Protein:</strong><p>Additionally, lean protein supports muscle building and strengthening. Give preference to lean protein sources such as fish (salmon) and chicken over higher-saturated-fat options like red meats (pork, beef, and lamb). A diet rich in protein triggers the release of peptide YY, promoting a sense of fullness, while simultaneously reducing ghrelin levels that induce hunger.</p></li></ol>"
      },
      {
        "header": "Food Choices to Limit for Effective Weight Management",
        "content": "<ol><li><strong>Avoid Excessive Fast Food:</strong><p>Minimize the intake of fast food items like burgers, pizza, and fries, as they often contain unhealthy fats and high calorie content, hindering effective weight management.</p></li><li><strong>Reduce Consumption of Deep-Fried Foods:</strong><p>These items contribute to excess calorie intake and may impede progress in weight management. Decrease the consumption of deep-fried snacks such as samosas, pakoras, and chips.</p></li><li><strong>Be Mindful of Sweet Intake:</strong><p>Moderation is key in managing sugar intake. Exercise caution with sweets like mithai and gulab jamun, as they frequently contain added sugars that can lead to weight gain.</p></li><li><strong>Avoid Processed Foods:</strong><p>Steer clear of processed foods that often contain hidden fats, sugars, and preservatives. These additives can negatively impact both weight and overall health.</p></li><li><strong>Limited High-Fat and High-Carb Foods:</strong><p>Balance is crucial for effective weight management. Reduce the consumption of foods rich in both fat and carbohydrates, as excessive intake can contribute to weight gain.</p></li><li><strong>Conscious Beverage Choices:</strong><p>Opt for healthier beverage options to support your weight management goals. Reduce the intake of sweetened beverages, alcoholic drinks, and sodas, as they can add significant empty calories to your diet.</p></li></ol>"
      }
    ],
    "workout": [
      {
        "header": "<h2>Effective Exercises for Overweight Individuals</h2>",
        "content": "<p>Engaging in regular exercise brings about numerous health advantages, including the strengthening of bones and muscles, as well as the promotion of mental well-being. For individuals dealing with overweight, initiating an exercise routine might pose challenges, but several effective exercises can be performed at home without the need for any equipment. Here are seven beginner-friendly exercises tailored for overweight individuals:</p><ol><li><strong>Walking</strong><ul><li>Walking stands out as an excellent low-impact exercise suitable for both indoor and outdoor settings.</li><li>It enhances cardiovascular health, boosts energy levels, reduces stress, and aids in calorie burning.</li><li>Start at a comfortable pace, gradually increasing the duration or intensity for optimal benefits.</li><li>Warming up before and cooling down afterward is essential to prevent injuries.</li><li>Aim for a daily 30-minute walk, five times a week, to reap significant health rewards.</li></ul></li><li><strong>Chair Squats</strong><ul><li>Chair squats effectively build strength in the legs and glutes, improving balance, flexibility, and bone density.</li><li>Perform the exercise by sitting in a sturdy chair with feet hip-width apart, standing up slowly, and sitting back down.</li><li>Engage core muscles and consider adding weight for increased intensity.</li><li>Complete 2 sets of 10-15 repetitions.</li></ul></li><li><strong>Knee Raises</strong><ul><li>Knee raises target the core and lower body, enhancing balance, stability, and coordination.</li><li>Stand behind a chair, lift one knee towards your chest, hold briefly, and lower it down.</li><li>Keep your back straight and engage core muscles.</li><li>Perform 2 sets of 10-15 repetitions on each side.</li></ul></li><li><strong>Standing Calf Raises</strong><ul><li>Strengthen calves with standing calf raises, promoting balance, flexibility, and ankle mobility.</li><li>Rise up onto your toes and slowly lower back down, repeating for several repetitions.</li><li>Add weight for intensity.</li></ul></li><li><strong>Wall Push-Ups</strong><ul><li>Wall push-ups focus on the upper body, improving strength, posture, and bone density.</li><li>Stand facing a wall, hands shoulder-width apart, and perform push-ups at an angle.</li><li>Complete 3 sets of 10-15 repetitions.</li></ul></li><li><strong>Step-Ups</strong><ul><li>Step-ups effectively build leg and glute strength, enhancing balance and coordination.</li><li>Step up onto a sturdy platform, bringing the other foot up to meet it, and repeat on the other side.</li><li>Keep your back straight and engage core muscles.</li><li>Perform 15 repetitions on each side.</li></ul></li><li><strong>Plank</strong><ul><li>Planks are a core-strengthening exercise that can be done at home.</li><li>Start in a push-up position, lower down onto your forearms, keeping your body straight.</li><li>Hold the plank for at least 30 seconds, gradually increasing duration.</li></ul></li></ol><p>These exercises can be adapted to individual needs or limitations. Starting with manageable exercises and progressively increasing intensity fosters a sustainable and positive approach to improving health, fitness, and overall quality of life.</p>"
      }
    ]
  },
  "Obesity": {
    "bmiCategory": "Obesity",
    "header": "Comprehensive Diet Plan for Individuals with Obesity",
    "diet": [
      {
        "header": "Recommended Foods for an Obesity Diet Plan",
        "content": "<ol><li><strong>Incorporate Fruits:</strong><p>Fruits serve as an excellent source of vitamins and dietary fiber, with studies linking higher fruit consumption to lower weight. The fiber content aids in satiety, dispelling the misconception that natural sugars in fruits contribute to weight gain.</p></li><li><strong>Embrace Green Vegetables:</strong><p>India offers a diverse range of nutrient-rich green vegetables high in vitamins and antioxidants. Research indicates that a diet rich in leafy greens like spinach and broccoli contributes to weight loss, thanks to their calcium and fiber content, which supports fat burning.</p></li><li><strong>Include Legumes and Beans:</strong><p>Ideal for vegan or plant-based diets, legumes and beans are protein-rich and highly nutritious. Their protein and fiber content help control appetite and reduce overall food intake, facilitating long-term weight loss. Examples include lentils, chickpeas, black beans, soybeans, kidney beans, and peanuts.</p></li><li><strong>Incorporate Low-Fat Dairy:</strong><p>Dairy products such as milk, cheese, eggs, and curd provide ample protein and essential vitamins like calcium. Low-fat curd, a common element in Indian diets, contributes to gut health. Cottage cheese, a source of energy, is also beneficial. Studies show that moderate consumption of dairy products is associated with lower belly fat and reduced risk of conditions like type 2 diabetes.</p></li><li><strong>Choose Lean Protein:</strong><p>Prioritize lean protein sources such as fish (salmon) and chicken over higher-saturated-fat options like red meats (pork, beef, and lamb). A high-protein diet triggers the release of peptide YY, promoting a feeling of fullness, while reducing ghrelin levels that induce hunger. Additionally, lean protein aids in muscle building and strengthening.</p></li></ol>"
      },
      {
        "header": "Foods to Avoid in an Obesity Diet Plan",
        "content": "<ol><li><strong>Limit Fast Food:</strong><p>Restrict consumption of fast food items like burgers, pizza, and fries, which tend to be high in unhealthy fats and calories.</p></li><li><strong>Minimize Deep-Fried Foods:</strong><p>Reduce intake of deep-fried snacks such as samosas, pakoras, and chips, as they contribute to excess calorie intake and may hinder weight management.</p></li><li><strong>Control Sweet Intake:</strong><p>Be cautious with sweets like mithai and gulab jamun, as they are often high in added sugars and can lead to weight gain.</p></li><li><strong>Avoid Processed Foods:</strong><p>Steer clear of processed foods that may contain hidden fats, sugars, and preservatives, which can negatively impact weight and overall health.</p></li><li><strong>Limit High-Fat and High-Carb Foods:</strong><p>Cut down on foods rich in both fat and carbohydrates, as they can contribute to weight gain when consumed in excess.</p></li><li><strong>Be Mindful of Beverages:</strong><p>Reduce the intake of sweetened beverages, alcoholic drinks, and sodas, as they can add significant empty calories to your diet.</p></li></ol>"
      }
    ],
    "workout": [
      {
        "header": "Workout Plans for Obese Individuals",
        "content": "<ol><li><strong>Low-Impact Cardio:</strong><p>Engage in low-impact cardio exercises such as walking, swimming, or cycling. Begin with short durations and gradually increase as your fitness level improves.</p></li><li><strong>Chair Exercises:</strong><p>Perform seated exercises using a sturdy chair. Include leg lifts, seated marches, and seated side stretches to improve flexibility and strength.</p></li><li><strong>Water Aerobics:</strong><p>Take part in water aerobics, an excellent low-impact exercise. The buoyancy of water reduces impact on joints while providing resistance for a full-body workout.</p></li><li><strong>Bodyweight Strength Training:</strong><p>Incorporate bodyweight exercises like squats, modified push-ups, and wall sits to build strength. Gradually increase repetitions and difficulty as your strength improves.</p></li><li><strong>Stationary Bike Workouts:</strong><p>Use a stationary bike for cardiovascular exercise. Start with a comfortable pace and gradually increase intensity. This minimizes joint stress while providing an effective workout.</p></li><li><strong>Yoga for Beginners:</strong><p>Explore beginner-friendly yoga poses to enhance flexibility, balance, and relaxation. Focus on gentle poses and controlled breathing to improve overall well-being.</p></li><li><strong>Resistance Band Training:</strong><p>Incorporate resistance band exercises for strength training. Target major muscle groups with exercises like bicep curls, leg presses, and seated rows.</p></li><li><strong>Stability Ball Workouts:</strong><p>Use a stability ball for core and balance exercises. Engage in exercises like stability ball crunches, leg lifts, and seated marches to improve stability and core strength.</p></li><li><strong>Group Fitness Classes:</strong><p>Join group fitness classes designed for beginners, such as low-impact aerobics or modified dance classes. Group settings provide motivation and support.</p></li><li><strong>Consultation with a Fitness Professional:</strong><p>Consider consulting with a fitness professional or physical therapist to create a personalized workout plan tailored to your specific needs and limitations.</p></li></ol>"
      },
      {
        "header": "Customized Workout Routine for Obese Individuals",
        "content": "<ol><li><strong>Warm-Up:</strong><p>Start with a gentle warm-up, such as marching in place or light cardio, to prepare your body for exercise.</p></li><li><strong>Cardiovascular Exercise:</strong><p>Engage in moderate-intensity cardio exercises, such as brisk walking, for at least 30 minutes most days of the week. Gradually increase the duration and intensity over time.</p></li><li><strong>Strength Training:</strong><p>Include full-body strength training exercises using bodyweight, resistance bands, or light dumbbells. Focus on compound movements like squats, lunges, and modified push-ups.</p></li><li><strong>Flexibility Training:</strong><p>Incorporate gentle stretching exercises to improve flexibility. Stretch major muscle groups, holding each stretch for 15-30 seconds. Repeat each stretch 2-3 times.</p></li><li><strong>Balance Exercises:</strong><p>Practice balance exercises to enhance stability. Simple exercises like standing on one leg or using a stability ball can improve balance and coordination.</p></li><li><strong>Interval Training:</strong><p>Include interval training to boost metabolism. Alternate between short bursts of high-intensity exercise and periods of lower intensity or rest. For example, try 30 seconds of fast walking followed by 1 minute of slower-paced walking.</p></li><li><strong>Water Workouts:</strong><p>Consider water-based exercises like water aerobics or swimming. Water provides resistance and supports the body, reducing impact on joints.</p></li><li><strong>Chair Yoga:</strong><p>Explore chair yoga for a gentle way to improve flexibility and reduce stress. Seated poses and controlled breathing can enhance overall well-being.</p></li><li><strong>Cool Down:</strong><p>Finish your workout with a cool-down period. Perform light stretching to help relax muscles and prevent stiffness.</p></li><li><strong>Gradual Progression:</strong><p>Listen to your body and progress at a comfortable pace. Gradually increase the intensity and duration of your workouts as your fitness level improves.</p></li><li><strong>Professional Guidance:</strong><p>Consider seeking guidance from a fitness professional or physical therapist to ensure a safe and effective workout routine tailored to your individual needs.</p></li></ol>"
      }
    ]
  }
}
